city,city_ascii,lat,lng,country,iso2,iso3,admin_name,capital,population,id
Tokyo,Tokyo,35.6897,139.6922,Japan,JP,JPN,Tōkyō,primary,37977000,1392685764
Jakarta,Jakarta,-6.2146,106.8451,Indonesia,ID,IDN,Jakarta,primary,34540000,1360771077
Delhi,Delhi,28.6600,77.2300,India,IN,IND,Delhi,admin,29617000,1356872604
Mumbai,Mumbai,18.9667,72.8333,India,IN,IND,Mahārāshtra,admin,23355000,1356226629
Manila,Manila,14.5958,120.9772,Philippines,PH,PHL,Manila,primary,23088000,1608618140
Shanghai,Shanghai,31.1667,121.4667,China,CN,CHN,Shanghai,admin,22120000,1156073548
São Paulo,Sao Paulo,-23.5504,-46.6339,Brazil,BR,BRA,São Paulo,admin,22046000,1076532519
Seoul,Seoul,37.5833,127.0000,"Korea, South",KR,KOR,Seoul,primary,21794000,1410836482
Mexico City,Mexico City,19.4333,-99.1333,Mexico,MX,MEX,Ciudad de México,primary,20996000,1484247881
Guangzhou,Guangzhou,23.1288,113.2590,China,CN,CHN,Guangdong,admin,20902000,1156237133
Beijing,Beijing,39.9050,116.3914,China,CN,CHN,Beijing,primary,19433000,1156228865
Cairo,Cairo,30.0561,31.2394,Egypt,EG,EGY,Al Qāhirah,primary,19372000,1818253931
New York,New York,40.6943,-73.9249,United States,US,USA,New York,,18713220,1840034016
Kolkāta,Kolkata,22.5411,88.3378,India,IN,IND,West Bengal,admin,17560000,1356060520
Moscow,Moscow,55.7558,37.6178,Russia,RU,RUS,Moskva,primary,17125000,1643318494
Bangkok,Bangkok,13.7500,100.5167,Thailand,TH,THA,Krung Thep Maha Nakhon,primary,17066000,1764068610
Buenos Aires,Buenos Aires,-34.5997,-58.3819,Argentina,AR,ARG,"Buenos Aires, Ciudad Autónoma de",primary,16157000,1032717330
Shenzhen,Shenzhen,22.5350,114.0540,China,CN,CHN,Guangdong,minor,15929000,1156158707
Dhaka,Dhaka,23.7161,90.3961,Bangladesh,BD,BGD,Dhaka,primary,15443000,1050529279
Lagos,Lagos,6.4500,3.4000,Nigeria,NG,NGA,Lagos,minor,15279000,1566593751
Istanbul,Istanbul,41.0100,28.9603,Turkey,TR,TUR,İstanbul,admin,15154000,1792756324
Ōsaka,Osaka,34.6936,135.5019,Japan,JP,JPN,Ōsaka,admin,14977000,1392419823
Karachi,Karachi,24.8600,67.0100,Pakistan,PK,PAK,Sindh,admin,14835000,1586129469
Bangalore,Bangalore,12.9699,77.5980,India,IN,IND,Karnātaka,admin,13707000,1356410365
Tehran,Tehran,35.7000,51.4167,Iran,IR,IRN,Tehrān,primary,13633000,1364305026
Kinshasa,Kinshasa,-4.3317,15.3139,Congo (Kinshasa),CD,COD,Kinshasa,primary,13528000,1180000363
Ho Chi Minh City,Ho Chi Minh City,10.8167,106.6333,Vietnam,VN,VNM,Hồ Chí Minh,admin,13312000,1704774326
Los Angeles,Los Angeles,34.1139,-118.4068,United States,US,USA,California,,12750807,1840020491
Rio de Janeiro,Rio de Janeiro,-22.9083,-43.1964,Brazil,BR,BRA,Rio de Janeiro,admin,12272000,1076887657
Nanyang,Nanyang,32.9987,112.5292,China,CN,CHN,Henan,,12010000,1156192287
Chennai,Chennai,13.0825,80.2750,India,IN,IND,Tamil Nādu,admin,11324000,1356374944
Chengdu,Chengdu,30.6636,104.0667,China,CN,CHN,Sichuan,admin,11309000,1156421555
Lahore,Lahore,31.5497,74.3436,Pakistan,PK,PAK,Punjab,admin,11021000,1586801463
Paris,Paris,48.8566,2.3522,France,FR,FRA,Île-de-France,primary,11020000,1250015082
London,London,51.5072,-0.1275,United Kingdom,GB,GBR,"London, City of",primary,10979000,1826645935
Linyi,Linyi,35.0606,118.3425,China,CN,CHN,Shandong,,10820000,1156086320
Tianjin,Tianjin,39.1467,117.2056,China,CN,CHN,Tianjin,admin,10800000,1156174046
Shijiazhuang,Shijiazhuang,38.0422,114.5086,China,CN,CHN,Hebei,admin,10784600,1156217541
Baoding,Baoding,38.8671,115.4845,China,CN,CHN,Hebei,,10700000,1156256829
Zhoukou,Zhoukou,33.6250,114.6418,China,CN,CHN,Henan,minor,9901000,1156272098
Lima,Lima,-12.0500,-77.0333,Peru,PE,PER,Lima,primary,9848000,1604728603
Hyderābād,Hyderabad,17.3667,78.4667,India,IN,IND,Telangana,admin,9746000,1356871768
Bogotá,Bogota,4.6126,-74.0705,Colombia,CO,COL,Bogotá,primary,9464000,1170483426
Weifang,Weifang,36.7167,119.1000,China,CN,CHN,Shandong,,9373000,1156912965
Nagoya,Nagoya,35.1167,136.9333,Japan,JP,JPN,Aichi,admin,9113000,1392407472
Wuhan,Wuhan,30.5872,114.2881,China,CN,CHN,Hubei,admin,8962000,1156117184
Heze,Heze,35.2333,115.4333,China,CN,CHN,Shandong,minor,8750000,1156225008
Ganzhou,Ganzhou,25.8292,114.9336,China,CN,CHN,Jiangxi,minor,8677600,1156832475
Tongshan,Tongshan,34.2610,117.1859,China,CN,CHN,Jiangsu,minor,8669000,1156241678
Chicago,Chicago,41.8373,-87.6862,United States,US,USA,Illinois,,8604203,1840000494
Handan,Handan,36.6116,114.4894,China,CN,CHN,Hebei,,8499000,1156957080
Luanda,Luanda,-8.8383,13.2344,Angola,AO,AGO,Luanda,primary,8417000,1024949724
Fuyang,Fuyang,32.8986,115.8045,China,CN,CHN,Anhui,,8360000,1156248008
Kuala Lumpur,Kuala Lumpur,3.1478,101.6953,Malaysia,MY,MYS,Kuala Lumpur,primary,8285000,1458988644
Jining,Jining,35.4000,116.5667,China,CN,CHN,Shandong,,8023000,1156504601
Dongguan,Dongguan,23.0475,113.7493,China,CN,CHN,Guangdong,minor,7981000,1156478242
Hanoi,Hanoi,21.0245,105.8412,Vietnam,VN,VNM,Hà Nội,primary,7785000,1704413791
Pune,Pune,18.5196,73.8553,India,IN,IND,Mahārāshtra,,7764000,1356081074
Chongqing,Chongqing,29.5500,106.5069,China,CN,CHN,Chongqing,admin,7739000,1156936556
Changchun,Changchun,43.9000,125.2000,China,CN,CHN,Jilin,admin,7674439,1156078103
Zhumadian,Zhumadian,32.9773,114.0253,China,CN,CHN,Henan,,7640000,1156184822
Ningbo,Ningbo,29.8750,121.5492,China,CN,CHN,Zhejiang,minor,7639000,1156170787
Onitsha,Onitsha,6.1667,6.7833,Nigeria,NG,NGA,Anambra,minor,7635000,1566593483
Nanjing,Nanjing,32.0500,118.7667,China,CN,CHN,Jiangsu,admin,7496000,1156644065
Hefei,Hefei,31.8639,117.2808,China,CN,CHN,Anhui,admin,7457027,1156332710
Ahmadābād,Ahmadabad,23.0300,72.5800,India,IN,IND,Gujarāt,minor,7410000,1356304381
Hong Kong,Hong Kong,22.3050,114.1850,Hong Kong,HK,HKG,,,7347000,1344982653
Khartoum,Khartoum,15.6031,32.5265,Sudan,SD,SDN,Khartoum,primary,7282000,1729268475
Nantong,Nantong,31.9829,120.8873,China,CN,CHN,Jiangsu,minor,7282835,1156045365
Yancheng,Yancheng,33.3936,120.1339,China,CN,CHN,Jiangsu,minor,7260240,1156995410
Foshan,Foshan,23.0292,113.1056,China,CN,CHN,Guangdong,minor,7194311,1156738403
Nanning,Nanning,22.8192,108.3150,China,CN,CHN,Guangxi,admin,7153300,1156605439
Hengyang,Hengyang,26.8968,112.5857,China,CN,CHN,Hunan,,7148344,1156696884
Xi’an,Xi'an,34.2667,108.9000,China,CN,CHN,Shaanxi,admin,7135000,1156244079
Shenyang,Shenyang,41.8039,123.4258,China,CN,CHN,Liaoning,admin,7105000,1156309382
Tangshan,Tangshan,39.6292,118.1742,China,CN,CHN,Hebei,,7100000,1156904299
Shaoyang,Shaoyang,27.2418,111.4725,China,CN,CHN,Hunan,,7071000,1156310366
Changsha,Changsha,28.1987,112.9709,China,CN,CHN,Hunan,admin,7044118,1156961497
Santiago,Santiago,-33.4500,-70.6667,Chile,CL,CHL,Región Metropolitana,primary,7007000,1152554349
Zhengzhou,Zhengzhou,34.7492,113.6605,China,CN,CHN,Henan,admin,7005000,1156183137
Zhanjiang,Zhanjiang,21.1967,110.4031,China,CN,CHN,Guangdong,minor,6900000,1156502170
Riyadh,Riyadh,24.6500,46.7100,Saudi Arabia,SA,SAU,Ar Riyāḑ,primary,6881000,1682999334
Cangzhou,Cangzhou,38.3037,116.8452,China,CN,CHN,Hebei,,6800000,1156698069
Dar es Salaam,Dar es Salaam,-6.8000,39.2833,Tanzania,TZ,TZA,Dar es Salaam,primary,6698000,1834843853
Maoming,Maoming,21.6618,110.9178,China,CN,CHN,Guangdong,minor,6706000,1156568722
Huanggang,Huanggang,30.4500,114.8750,China,CN,CHN,Hubei,minor,6667000,1156200037
Xinyang,Xinyang,32.1264,114.0672,China,CN,CHN,Henan,,6634000,1156273453
Shangrao,Shangrao,28.4419,117.9633,China,CN,CHN,Jiangxi,minor,6579714,1156405492
Luoyang,Luoyang,34.6587,112.4245,China,CN,CHN,Henan,,6549941,1156069315
Bijie,Bijie,27.3019,105.2863,China,CN,CHN,Guizhou,,6537498,1156018927
Yantai,Yantai,37.3997,121.2664,China,CN,CHN,Shandong,,6516900,1156932948
Quanzhou,Quanzhou,24.9139,118.5858,China,CN,CHN,Fujian,minor,6480000,1156829655
Hangzhou,Hangzhou,30.2500,120.1675,China,CN,CHN,Zhejiang,admin,6446000,1156275243
Miami,Miami,25.7839,-80.2102,United States,US,USA,Florida,,6445545,1840015149
Kunming,Kunming,25.0433,102.7061,China,CN,CHN,Yunnan,admin,6250000,1156477539
Nanchong,Nanchong,30.7991,106.0784,China,CN,CHN,Sichuan,minor,6183000,1156762337
Zunyi,Zunyi,27.7050,106.9336,China,CN,CHN,Guizhou,,6127009,1156539782
Lu’an,Lu'an,31.7542,116.5078,China,CN,CHN,Anhui,minor,6090000,1156499624
Yichun,Yichun,27.8041,114.3830,China,CN,CHN,Jiangxi,minor,6048700,1156229590
Taizhou,Taizhou,28.6583,121.4221,China,CN,CHN,Zhejiang,minor,5968838,1156322307
Liaocheng,Liaocheng,36.4500,115.9833,China,CN,CHN,Shandong,minor,5955300,1156006600
Qujing,Qujing,25.5102,103.8029,China,CN,CHN,Yunnan,,5855055,1156747998
Xiangyang,Xiangyang,32.0654,112.1531,China,CN,CHN,Hubei,minor,5844000,1156107325
Sūrat,Surat,21.1700,72.8300,India,IN,IND,Gujarāt,,5807000,1356758738
Baghdad,Baghdad,33.3500,44.4167,Iraq,IQ,IRQ,Baghdād,primary,5796000,1368596238
Qingdao,Qingdao,36.1167,120.4000,China,CN,CHN,Shandong,minor,5775000,1156112588
Singapore,Singapore,1.3000,103.8000,Singapore,SG,SGP,Central Singapore,primary,5745000,1702341327
Dallas,Dallas,32.7936,-96.7662,United States,US,USA,Texas,,5743938,1840019440
Changde,Changde,29.0397,111.6839,China,CN,CHN,Hunan,minor,5717200,1156449091
Dazhou,Dazhou,31.2152,107.4947,China,CN,CHN,Sichuan,minor,5693000,1156834076
Suzhou,Suzhou,33.6333,116.9683,China,CN,CHN,Anhui,,5690000,1156871297
Philadelphia,Philadelphia,40.0077,-75.1339,United States,US,USA,Pennsylvania,,5649300,1840000673
Jieyang,Jieyang,23.5533,116.3649,China,CN,CHN,Guangdong,minor,5634000,1156260378
Nairobi,Nairobi,-1.2864,36.8172,Kenya,KE,KEN,Nairobi City,primary,5545000,1404000661
Nangandao,Nangandao,35.2992,113.8851,China,CN,CHN,Henan,minor,5516000,1156127660
Ankara,Ankara,39.9300,32.8500,Turkey,TR,TUR,Ankara,primary,5503985,1792572891
Tai’an,Tai'an,36.2001,117.0809,China,CN,CHN,Shandong,,5499000,1156095188
Yulin,Yulin,22.6293,110.1507,China,CN,CHN,Guangxi,,5487368,1156901312
Dezhou,Dezhou,37.4513,116.3105,China,CN,CHN,Shandong,minor,5470000,1156524080
Houston,Houston,29.7863,-95.3889,United States,US,USA,Texas,,5464251,1840020925
Atlanta,Atlanta,33.7627,-84.4224,United States,US,USA,Georgia,admin,5449398,1840013660
Rangoon,Rangoon,16.8000,96.1500,Burma,MM,MMR,Yangon,primary,5430000,1104616656
Toronto,Toronto,43.7417,-79.3733,Canada,CA,CAN,Ontario,,5429524,1124279679
Suihua,Suihua,46.6384,126.9808,China,CN,CHN,Heilongjiang,minor,5420000,1156235493
Washington,Washington,38.9047,-77.0163,United States,US,USA,District of Columbia,primary,5379184,1840006060
Qiqihar,Qiqihar,47.3398,123.9512,China,CN,CHN,Heilongjiang,minor,5367003,1156775905
Jinhua,Jinhua,29.1046,119.6494,China,CN,CHN,Zhejiang,minor,5361572,1156547188
Saint Petersburg,Saint Petersburg,59.9500,30.3167,Russia,RU,RUS,Sankt-Peterburg,admin,5351935,1643616350
Shantou,Shantou,23.3735,116.6941,China,CN,CHN,Guangdong,minor,5319028,1156457499
Sydney,Sydney,-33.8650,151.2094,Australia,AU,AUS,New South Wales,admin,5312163,1036074917
Weinan,Weinan,34.4996,109.4684,China,CN,CHN,Shaanxi,minor,5300000,1156903687
Suqian,Suqian,33.9331,118.2831,China,CN,CHN,Jiangsu,,5290000,1156212349
Guadalajara,Guadalajara,20.6767,-103.3475,Mexico,MX,MEX,Jalisco,admin,5253000,1484950208
Suzhou,Suzhou,31.3040,120.6164,China,CN,CHN,Jiangsu,minor,5250000,1156029196
Fuzhou,Fuzhou,26.0769,119.2917,China,CN,CHN,Fujian,admin,5245000,1156188037
Zhaotong,Zhaotong,27.3328,103.7144,China,CN,CHN,Yunnan,,5213521,1156924687
Pudong,Pudong,31.2231,121.5397,China,CN,CHN,Shanghai,minor,5187200,1156644508
Yongzhou,Yongzhou,26.4515,111.5953,China,CN,CHN,Hunan,,5180235,1156694479
Belo Horizonte,Belo Horizonte,-19.8917,-43.9478,Brazil,BR,BRA,Minas Gerais,admin,5159000,1076967355
Zhangzhou,Zhangzhou,24.5093,117.6612,China,CN,CHN,Fujian,minor,5140000,1156241637
Bozhou,Bozhou,33.8626,115.7742,China,CN,CHN,Anhui,,5100000,1156356860
Melbourne,Melbourne,-37.8136,144.9631,Australia,AU,AUS,Victoria,admin,5078193,1036533631
Nanchang,Nanchang,28.6842,115.8872,China,CN,CHN,Jiangxi,admin,5042565,1156198892
Xianyang,Xianyang,34.3500,108.7167,China,CN,CHN,Shaanxi,minor,5040000,1156120117
Taizhou,Taizhou,32.4831,119.9000,China,CN,CHN,Jiangsu,minor,5031000,1156119229
Surabaya,Surabaya,-7.2458,112.7378,Indonesia,ID,IDN,Jawa Timur,admin,4975000,1360484663
Abidjan,Abidjan,5.3364,-4.0267,Côte D’Ivoire,CI,CIV,Abidjan,primary,4980000,1384207980
Ji’an,Ji'an,27.1172,114.9793,China,CN,CHN,Jiangxi,minor,4956600,1156278215
Mianyang,Mianyang,31.4669,104.7385,China,CN,CHN,Sichuan,minor,4945000,1156417758
Shaoxing,Shaoxing,30.0000,120.5833,China,CN,CHN,Zhejiang,minor,4912239,1156893449
Alexandria,Alexandria,31.2000,29.9167,Egypt,EG,EGY,Al Iskandarīyah,admin,4870000,1818695837
Yuncheng,Yuncheng,35.0304,110.9980,China,CN,CHN,Shanxi,,4860000,1156705644
Pingdingshan,Pingdingshan,33.7350,113.2999,China,CN,CHN,Henan,,4838000,1156735124
Huai’an,Huai'an,33.5000,119.1331,China,CN,CHN,Jiangsu,,4799889,1156634228
Xinpu,Xinpu,34.5906,119.1801,China,CN,CHN,Jiangsu,minor,4790000,1156035381
Guilin,Guilin,25.2667,110.2833,China,CN,CHN,Guangxi,minor,4747963,1156235364
Huaihua,Huaihua,27.5494,109.9592,China,CN,CHN,Hunan,,4741948,1156353465
Jiujiang,Jiujiang,29.7048,116.0021,China,CN,CHN,Jiangxi,minor,4728778,1156206041
Anqing,Anqing,30.5000,117.0333,China,CN,CHN,Anhui,minor,4723000,1156238875
Boston,Boston,42.3188,-71.0846,United States,US,USA,Massachusetts,admin,4688346,1840000455
Huanglongsi,Huanglongsi,34.7936,114.3403,China,CN,CHN,Henan,,4676159,1156198356
Xiaoganzhan,Xiaoganzhan,30.9273,113.9110,China,CN,CHN,Hubei,,4665000,1156002290
Changzhou,Changzhou,31.8122,119.9692,China,CN,CHN,Jiangsu,minor,4592431,1156185511
Barcelona,Barcelona,41.3825,2.1769,Spain,ES,ESP,Catalonia,admin,4588000,1724594040
Chenzhou,Chenzhou,25.7989,113.0267,China,CN,CHN,Hunan,minor,4581778,1156291915
Wuxi,Wuxi,31.5667,120.2833,China,CN,CHN,Jiangsu,minor,4580000,1156019650
Zibo,Zibo,36.7831,118.0497,China,CN,CHN,Shandong,,4530597,1156381094
Jiaxing,Jiaxing,30.7522,120.7500,China,CN,CHN,Zhejiang,minor,4501657,1156491661
Dalian,Dalian,38.9131,121.6100,China,CN,CHN,Liaoning,,4480000,1156175472
Harbin,Harbin,45.7500,126.6333,China,CN,CHN,Heilongjiang,admin,4458000,1156241528
Yangzhou,Yangzhou,32.3912,119.4363,China,CN,CHN,Jiangsu,,4459000,1156818601
Yibin,Yibin,28.7596,104.6400,China,CN,CHN,Sichuan,minor,4456000,1156107603
Jiangmen,Jiangmen,22.5833,113.0833,China,CN,CHN,Guangdong,minor,4448871,1156105613
Johannesburg,Johannesburg,-26.2044,28.0416,South Africa,ZA,ZAF,Gauteng,admin,4434827,1710550792
Meizhou,Meizhou,24.2998,116.1191,China,CN,CHN,Guangdong,minor,4378800,1156361028
Chifeng,Chifeng,42.2663,118.9223,China,CN,CHN,Inner Mongolia,minor,4376600,1156277458
Casablanca,Casablanca,33.5992,-7.6200,Morocco,MA,MAR,Casablanca-Settat,admin,4370000,1504175315
Guiyang,Guiyang,26.5794,106.7078,China,CN,CHN,Guizhou,admin,4365000,1156932620
Langfang,Langfang,39.5196,116.7006,China,CN,CHN,Hebei,,4358839,1156109017
Zhangjiakou,Zhangjiakou,40.8108,114.8811,China,CN,CHN,Hebei,,4345491,1156800221
İzmir,Izmir,38.4127,27.1384,Turkey,TR,TUR,İzmir,admin,4320519,1792725579
Linfen,Linfen,36.0812,111.5087,China,CN,CHN,Shanxi,,4316610,1156416074
Wenzhou,Wenzhou,27.9991,120.6561,China,CN,CHN,Zhejiang,,4310000,1156188829
Monterrey,Monterrey,25.6667,-100.3000,Mexico,MX,MEX,Nuevo León,admin,4295000,1484559591
Luzhou,Luzhou,28.8918,105.4409,China,CN,CHN,Sichuan,minor,4291000,1156582079
Jiangguanchi,Jiangguanchi,34.0244,113.8201,China,CN,CHN,Henan,minor,4289000,1156235735
Neijiang,Neijiang,29.5872,105.0635,China,CN,CHN,Sichuan,minor,4238000,1156516335
Phoenix,Phoenix,33.5722,-112.0891,United States,US,USA,Arizona,admin,4219697,1840020568
Yanjiang,Yanjiang,30.1256,104.6397,China,CN,CHN,Sichuan,minor,4217000,1156217114
Yiyang,Yiyang,28.5833,112.3333,China,CN,CHN,Hunan,,4174000,1156218615
Zhaoqing,Zhaoqing,23.0470,112.4650,China,CN,CHN,Guangdong,minor,4151700,1156170144
Hengshui,Hengshui,37.7348,115.6860,China,CN,CHN,Hebei,,4150000,1156803028
Guigang,Guigang,23.0961,109.6092,China,CN,CHN,Guangxi,,4118808,1156895251
Xiaoxita,Xiaoxita,30.7083,111.2803,China,CN,CHN,Hubei,minor,4115000,1156764447
Xiamen,Xiamen,24.4797,118.0819,China,CN,CHN,Fujian,minor,4110000,1156212809
Chuzhou,Chuzhou,32.3062,118.3115,China,CN,CHN,Anhui,,4110000,1156036420
Fuzhou,Fuzhou,27.9814,116.3577,China,CN,CHN,Jiangxi,,4047200,1156915325
Amman,Amman,31.9500,35.9333,Jordan,JO,JOR,Al ‘Āşimah,primary,4007526,1400522593
Jeddah,Jeddah,21.5428,39.1728,Saudi Arabia,SA,SAU,Makkah al Mukarramah,,3976000,1682926944
Sialkot City,Sialkot City,32.5000,74.5333,Pakistan,PK,PAK,Punjab,minor,3893672,1586141444
Huizhou,Huizhou,23.1115,114.4152,China,CN,CHN,Guangdong,minor,3875000,1156203268
Qingyuan,Qingyuan,23.6842,113.0507,China,CN,CHN,Guangdong,minor,3874000,1156135890
Zhuzhou,Zhuzhou,27.8407,113.1469,China,CN,CHN,Hunan,minor,3855609,1156041962
Wuhu,Wuhu,31.3340,118.3622,China,CN,CHN,Anhui,minor,3842100,1156315512
Hechi,Hechi,23.0965,109.6091,China,CN,CHN,Guangxi,,3830000,1156868701
Seattle,Seattle,47.6211,-122.3244,United States,US,USA,Washington,,3789215,1840021117
Loudi,Loudi,27.7378,111.9974,China,CN,CHN,Hunan,,3785627,1156010654
Binzhou,Binzhou,37.3806,118.0125,China,CN,CHN,Shandong,,3779200,1156564962
Liuzhou,Liuzhou,24.3181,109.4069,China,CN,CHN,Guangxi,minor,3758704,1156360785
Yokohama,Yokohama,35.4333,139.6333,Japan,JP,JPN,Kanagawa,admin,3748781,1392118339
Baojishi,Baojishi,34.3609,107.1751,China,CN,CHN,Shaanxi,,3738700,1156101096
Guang’an,Guang'an,30.4673,106.6336,China,CN,CHN,Sichuan,minor,3723000,1156377302
Hanzhong,Hanzhong,33.0794,107.0260,China,CN,CHN,Shaanxi,,3700000,1156382678
Kabul,Kabul,34.5328,69.1658,Afghanistan,AF,AFG,Kābul,primary,3678034,1004993580
Zaozhuang,Zaozhuang,34.8667,117.5500,China,CN,CHN,Shandong,,3650000,1156796454
Berlin,Berlin,52.5167,13.3833,Germany,DE,DEU,Berlin,primary,3644826,1276451290
Anshan,Anshan,41.1066,122.9895,China,CN,CHN,Liaoning,,3645884,1156901825
Deyang,Deyang,31.1289,104.3950,China,CN,CHN,Sichuan,minor,3636000,1156127147
Lanzhou,Lanzhou,36.0617,103.8318,China,CN,CHN,Gansu,admin,3616163,1156280566
Chengde,Chengde,40.9739,117.9322,China,CN,CHN,Hebei,,3610000,1156197800
San Francisco,San Francisco,37.7562,-122.4430,United States,US,USA,California,,3592294,1840021543
Puyang,Puyang,35.7639,115.0300,China,CN,CHN,Henan,minor,3580000,1156431924
Suining,Suining,30.5098,105.5737,China,CN,CHN,Sichuan,minor,3556000,1156655650
Jiaozuo,Jiaozuo,35.2290,113.2304,China,CN,CHN,Henan,,3540101,1156157854
Bengbu,Bengbu,32.9354,117.3531,China,CN,CHN,Anhui,,3525000,1156440668
Montréal,Montreal,45.5089,-73.5617,Canada,CA,CAN,Quebec,,3519595,1124586170
Detroit,Detroit,42.3834,-83.1024,United States,US,USA,Michigan,,3506126,1840003971
Baicheng,Baicheng,23.9010,106.6194,China,CN,CHN,Guangxi,minor,3466758,1156981113
Busan,Busan,35.1000,129.0403,"Korea, South",KR,KOR,Busan,admin,3440484,1410601465
Algiers,Algiers,36.7764,3.0586,Algeria,DZ,DZA,Alger,primary,3415811,1012973369
Qincheng,Qincheng,34.5809,105.7311,China,CN,CHN,Gansu,minor,3400000,1156104017
Taiyuan,Taiyuan,37.8733,112.5425,China,CN,CHN,Shanxi,admin,3398000,1156632014
Lucknow,Lucknow,26.8470,80.9470,India,IN,IND,Uttar Pradesh,admin,3382000,1356891790
Chaoyang,Chaoyang,41.5757,120.4486,China,CN,CHN,Liaoning,,3370000,1156706927
Hechi,Hechi,24.6928,108.0850,China,CN,CHN,Guangxi,,3369251,1156167204
Leshan,Leshan,29.5854,103.7575,China,CN,CHN,Sichuan,,3364000,1156203130
Yulinshi,Yulinshi,38.2655,109.7388,China,CN,CHN,Shaanxi,,3328000,1156280672
Siping,Siping,43.1715,124.3644,China,CN,CHN,Jilin,,3300000,1156063295
Madrid,Madrid,40.4189,-3.6919,Spain,ES,ESP,Madrid,primary,3266126,1724616994
Jinan,Jinan,36.6667,116.9833,China,CN,CHN,Shandong,admin,3250000,1156972469
Shiyan,Shiyan,32.6351,110.7755,China,CN,CHN,Hubei,minor,3228000,1156383921
Changzhi,Changzhi,36.1953,113.0970,China,CN,CHN,Shanxi,minor,3230000,1156057944
San Diego,San Diego,32.8312,-117.1225,United States,US,USA,California,,3220118,1840021990
Faisalabad,Faisalabad,31.4180,73.0790,Pakistan,PK,PAK,Punjab,minor,3203846,1586323916
Santa Cruz,Santa Cruz,-17.7892,-63.1975,Bolivia,BO,BOL,Santa Cruz,admin,3151676,1068129363
Bazhou,Bazhou,31.8576,106.7559,China,CN,CHN,Sichuan,minor,3134000,1156271365
Zhongshan,Zhongshan,22.5333,113.3500,China,CN,CHN,Guangdong,minor,3121275,1156579621
Zhenjiang,Zhenjiang,32.2109,119.4551,China,CN,CHN,Jiangsu,minor,3113384,1156934125
Ürümqi,Urumqi,43.8250,87.6000,China,CN,CHN,Xinjiang,admin,3112559,1156051276
Tongliao,Tongliao,43.6172,122.2640,China,CN,CHN,Inner Mongolia,minor,3094600,1156358686
Heyuan,Heyuan,23.7503,114.6923,China,CN,CHN,Guangdong,minor,3093900,1156665165
Tongren,Tongren,27.7233,109.1885,China,CN,CHN,Guizhou,,3093204,1156803442
Qinzhou,Qinzhou,21.9500,108.6167,China,CN,CHN,Guangxi,minor,3079721,1156106602
Jaipur,Jaipur,26.9167,75.8667,India,IN,IND,Rājasthān,admin,3073350,1356293537
Xinzhou,Xinzhou,38.4178,112.7233,China,CN,CHN,Shanxi,minor,3067501,1156617534
Addis Ababa,Addis Ababa,9.0272,38.7369,Ethiopia,ET,ETH,Ādīs Ābeba,primary,3041002,1231824991
Giza,Giza,29.9870,31.2118,Egypt,EG,EGY,Al Jīzah,admin,3021542,1818925479
Meishan,Meishan,30.0575,103.8381,China,CN,CHN,Sichuan,,3020000,1156185501
Brasília,Brasilia,-15.7744,-48.0773,Brazil,BR,BRA,Distrito Federal,primary,3015268,1076144436
Mashhad,Mashhad,36.3069,59.6042,Iran,IR,IRN,Khorāsān-e Raẕavī,admin,3001184,1364123206
Jinzhou,Jinzhou,41.1144,121.1292,China,CN,CHN,Liaoning,,3000000,1156157151
Tieling,Tieling,42.2841,123.8365,China,CN,CHN,Liaoning,,3000000,1156089994
Shaoguan,Shaoguan,24.8011,113.5927,China,CN,CHN,Guangdong,minor,2997600,1156617066
Shanwei,Shanwei,22.7664,115.3331,China,CN,CHN,Guangdong,minor,2990000,1156939010
Minneapolis,Minneapolis,44.9635,-93.2678,United States,US,USA,Minnesota,,2977172,1840007830
Kyiv,Kyiv,50.4500,30.5236,Ukraine,UA,UKR,"Kyyiv, Misto",primary,2967000,1804382913
Sanaa,Sanaa,15.3500,44.2000,Yemen,YE,YEM,Amānat al ‘Āşimah,primary,2957000,1887750814
Quezon City,Quezon City,14.6333,121.0333,Philippines,PH,PHL,Quezon,admin,2936116,1608974097
Dingxi,Dingxi,35.5806,104.6263,China,CN,CHN,Gansu,minor,2930000,1156518274
Salvador,Salvador,-12.9708,-38.5108,Brazil,BR,BRA,Bahia,admin,2921087,1076923789
Incheon,Incheon,37.4639,126.6486,"Korea, South",KR,KOR,Incheon,admin,2913024,1410160313
Bursa,Bursa,40.1833,29.0667,Turkey,TR,TUR,Bursa,admin,2901396,1792903330
Ningde,Ningde,26.6667,119.5167,China,CN,CHN,Fujian,minor,2910000,1156909802
Tampa,Tampa,27.9942,-82.4451,United States,US,USA,Florida,,2908063,1840015982
Daqing,Daqing,46.5979,125.0080,China,CN,CHN,Heilongjiang,,2904532,1156403962
Birmingham,Birmingham,52.4800,-1.9025,United Kingdom,GB,GBR,Birmingham,,2897303,1826423213
Putian,Putian,25.4394,119.0103,China,CN,CHN,Fujian,minor,2900000,1156811601
Huzhou,Huzhou,30.8695,120.0958,China,CN,CHN,Zhejiang,minor,2893542,1156335543
Wuzhou,Wuzhou,23.4833,111.3167,China,CN,CHN,Guangxi,minor,2882200,1156620133
Denver,Denver,39.7621,-104.8759,United States,US,USA,Colorado,admin,2876625,1840018789
Rome,Rome,41.8931,12.4828,Italy,IT,ITA,Lazio,primary,2872800,1380382862
La Paz,La Paz,-16.4942,-68.1475,Bolivia,BO,BOL,La Paz,primary,2867504,1068000064
Pyongyang,Pyongyang,39.0300,125.7300,"Korea, North",KP,PRK,P’yŏngyang,primary,2863000,1408738594
Kano,Kano,12.0000,8.5167,Nigeria,NG,NGA,Kano,admin,2828861,1566422868
Taichung,Taichung,24.1500,120.6667,Taiwan,TW,TWN,Taichung,admin,2803894,1158689622
Omdurman,Omdurman,15.6835,32.4629,Sudan,SD,SDN,Khartoum,,2805396,1729912179
Zigong,Zigong,29.3498,104.7645,China,CN,CHN,Sichuan,,2800000,1156023354
Qinhuangdao,Qinhuangdao,39.9398,119.5881,China,CN,CHN,Hebei,,2800000,1156091093
Mudanjiang,Mudanjiang,44.5861,129.5997,China,CN,CHN,Heilongjiang,minor,2790000,1156249698
Huludao,Huludao,40.7094,120.8378,China,CN,CHN,Liaoning,minor,2787000,1156580218
Kaohsiung,Kaohsiung,22.6167,120.3000,Taiwan,TW,TWN,Kaohsiung,admin,2773533,1158331334
Xiangtan,Xiangtan,27.8431,112.9228,China,CN,CHN,Hunan,,2748552,1156195684
Guayaquil,Guayaquil,-2.1833,-79.8833,Ecuador,EC,ECU,Guayas,admin,2723665,1218802178
Rizhao,Rizhao,35.4164,119.4331,China,CN,CHN,Shandong,minor,2720000,1156032841
Manchester,Manchester,53.4794,-2.2453,United Kingdom,GB,GBR,Manchester,,2705000,1826246335
Cawnpore,Cawnpore,26.4725,80.3311,India,IN,IND,Uttar Pradesh,,2701324,1356575238
Baotou,Baotou,40.6562,109.8345,China,CN,CHN,Inner Mongolia,,2700000,1156032751
Taipei,Taipei,25.0478,121.5319,Taiwan,TW,TWN,Taipei,primary,2684567,1158881289
Nanping,Nanping,26.6448,118.1728,China,CN,CHN,Fujian,minor,2690000,1156927445
Longyan,Longyan,25.0881,117.0244,China,CN,CHN,Fujian,minor,2640000,1156012979
Ibadan,Ibadan,7.3964,3.9167,Nigeria,NG,NGA,Oyo,admin,2628000,1566366407
Hohhot,Hohhot,40.8151,111.6629,China,CN,CHN,Inner Mongolia,admin,2635000,1156210167
Chaozhou,Chaozhou,23.6700,116.6300,China,CN,CHN,Guangdong,minor,2620000,1156549118
Antananarivo,Antananarivo,-18.9386,47.5214,Madagascar,MG,MDG,Antananarivo,primary,2610000,1450978461
Longba,Longba,33.5350,105.3490,China,CN,CHN,Gansu,,2614000,1156633259
Weihai,Weihai,37.5000,122.1000,China,CN,CHN,Shandong,minor,2596753,1156473300
Chattogram,Chattogram,22.3350,91.8325,Bangladesh,BD,BGD,Chittagong,admin,2581643,1050830722
Santo Domingo,Santo Domingo,18.4764,-69.8933,Dominican Republic,DO,DOM,Ozama,primary,2581827,1214636202
Xuanzhou,Xuanzhou,30.9475,118.7518,China,CN,CHN,Anhui,,2580000,1156424311
Sanming,Sanming,26.2658,117.6302,China,CN,CHN,Fujian,minor,2580000,1156294429
Brooklyn,Brooklyn,40.6501,-73.9496,United States,US,USA,New York,,2559903,1840034030
Medellín,Medellin,6.2447,-75.5748,Colombia,CO,COL,Antioquia,admin,2529403,1170680389
Brisbane,Brisbane,-27.4678,153.0281,Australia,AU,AUS,Queensland,admin,2514184,1036192929
Baoshan,Baoshan,25.1211,99.1690,China,CN,CHN,Yunnan,,2506491,1156546994
Dubai,Dubai,25.2697,55.3094,United Arab Emirates,AE,ARE,Dubayy,admin,2502715,1784736618
Luohe,Luohe,33.5830,114.0109,China,CN,CHN,Henan,minor,2500000,1156330876
Qinbaling,Qinbaling,35.7278,107.6400,China,CN,CHN,Gansu,,2500000,1156032582
Mirzāpur,Mirzapur,25.1500,82.5800,India,IN,IND,Uttar Pradesh,,2496970,1356427908
Guangyuan,Guangyuan,32.4353,105.8398,China,CN,CHN,Sichuan,,2484122,1156084562
Cali,Cali,3.4400,-76.5197,Colombia,CO,COL,Valle del Cauca,admin,2471474,1170417589
Daegu,Daegu,35.8667,128.6000,"Korea, South",KR,KOR,Daegu,admin,2461002,1410095252
Fortaleza,Fortaleza,-3.7275,-38.5275,Brazil,BR,BRA,Ceará,admin,2452185,1076567885
Guatemala City,Guatemala City,14.6099,-90.5252,Guatemala,GT,GTM,Guatemala,primary,2450212,1320197916
Yaoundé,Yaounde,3.8578,11.5181,Cameroon,CM,CMR,Centre,primary,2440462,1120298240
Douala,Douala,4.0500,9.7000,Cameroon,CM,CMR,Littoral,admin,2446945,1120494607
Jilin,Jilin,43.8500,126.5500,China,CN,CHN,Jilin,,2396000,1156646448
Lianshan,Lianshan,40.7503,120.8300,China,CN,CHN,Liaoning,minor,2426000,1156046704
Lincang,Lincang,23.8864,100.0871,China,CN,CHN,Yunnan,,2429497,1156044130
Antalya,Antalya,36.9081,30.6956,Turkey,TR,TUR,Antalya,admin,2426356,1792988434
Tashkent,Tashkent,41.3000,69.2667,Uzbekistan,UZ,UZB,Toshkent,primary,2424100,1860331871
Huangshi,Huangshi,30.2018,115.0326,China,CN,CHN,Hubei,minor,2419000,1156234290
Bandung,Bandung,-6.9500,107.5667,Indonesia,ID,IDN,Jawa Barat,admin,2394873,1360313023
Nāgpur,Nagpur,21.1539,79.0831,India,IN,IND,Mahārāshtra,,2405665,1356365743
Dandong,Dandong,40.1167,124.3833,China,CN,CHN,Liaoning,,2400000,1156178316
Huainan,Huainan,32.4831,117.0164,China,CN,CHN,Anhui,,2409000,1156877299
Shangzhou,Shangzhou,33.8680,109.9244,China,CN,CHN,Shaanxi,,2400000,1156091241
Bekasi,Bekasi,-6.2333,107.0000,Indonesia,ID,IDN,Jawa Barat,,2381053,1360006015
Ghāziābād,Ghaziabad,28.6667,77.4167,India,IN,IND,Uttar Pradesh,,2381452,1356691871
Tijuana,Tijuana,32.5250,-117.0333,Mexico,MX,MEX,Baja California,minor,2384609,1484708778
Jiamusi,Jiamusi,46.8081,130.3653,China,CN,CHN,Heilongjiang,minor,2360000,1156350864
Yangjiang,Yangjiang,21.8556,111.9627,China,CN,CHN,Guangdong,minor,2357000,1156123172
Accra,Accra,5.6037,-0.1870,Ghana,GH,GHA,Greater Accra,primary,2291352,1288299415
Yuxi,Yuxi,24.3495,102.5432,China,CN,CHN,Yunnan,minor,2303518,1156682309
Fushun,Fushun,41.8708,123.8917,China,CN,CHN,Liaoning,,2300000,1156857743
Anshun,Anshun,26.2456,105.9340,China,CN,CHN,Guizhou,,2297612,1156415948
Vancouver,Vancouver,49.2500,-123.1000,Canada,CA,CAN,British Columbia,,2264823,1124825478
Tangerang,Tangerang,-6.1783,106.6319,Indonesia,ID,IDN,Jawa Barat,,2237006,1360002844
Konya,Konya,37.8714,32.4847,Turkey,TR,TUR,Konya,admin,2232374,1792014004
Queens,Queens,40.7498,-73.7976,United States,US,USA,New York,,2230722,1840034002
Yingkou,Yingkou,40.6653,122.2297,China,CN,CHN,Liaoning,minor,2220000,1156257074
Adana,Adana,37.0000,35.3250,Turkey,TR,TUR,Adana,admin,2220125,1792783772
Medan,Medan,3.6667,98.6667,Indonesia,ID,IDN,Sumatera Utara,admin,2210625,1360543171
Sanmenxia,Sanmenxia,34.7736,111.1950,China,CN,CHN,Henan,,2213000,1156529682
Indore,Indore,22.7206,75.8472,India,IN,IND,Madhya Pradesh,,2201927,1356402812
Ma’anshan,Ma'anshan,31.7135,118.3605,China,CN,CHN,Anhui,minor,2202899,1156847452
Pingliang,Pingliang,35.5412,106.6819,China,CN,CHN,Gansu,minor,2190000,1156216904
Quzhou,Quzhou,28.9545,118.8763,China,CN,CHN,Zhejiang,,2185000,1156180376
Baku,Baku,40.3667,49.8352,Azerbaijan,AZ,AZE,Bakı,primary,2181800,1031946365
Gaoping,Gaoping,30.7804,106.1300,China,CN,CHN,Sichuan,minor,2174000,1156522457
Huaibei,Huaibei,33.9562,116.7890,China,CN,CHN,Anhui,,2158000,1156142626
Xining,Xining,36.6239,101.7787,China,CN,CHN,Qinghai,admin,2154000,1156081448
Yan’an,Yan'an,36.5952,109.4863,China,CN,CHN,Shaanxi,,2150000,1156546342
Havana,Havana,23.1367,-82.3589,Cuba,CU,CUB,La Habana,primary,2141652,1192752771
Phnom Penh,Phnom Penh,11.5696,104.9210,Cambodia,KH,KHM,Phnom Penh,primary,2129371,1116260534
Fukuoka,Fukuoka,33.5903,130.4019,Japan,JP,JPN,Fukuoka,admin,2128000,1392576294
Mogadishu,Mogadishu,2.0408,45.3425,Somalia,SO,SOM,Banaadir,primary,2120000,1706893395
Jincheng,Jincheng,35.4906,112.8483,China,CN,CHN,Shanxi,minor,2120000,1156163376
Lishui,Lishui,28.4500,119.9167,China,CN,CHN,Zhejiang,minor,2116957,1156858793
Qingyang,Qingyang,24.8141,118.5792,China,CN,CHN,Fujian,minor,2111000,1156273372
Riverside,Riverside,33.9381,-117.3948,United States,US,USA,California,,2107852,1840020551
Baltimore,Baltimore,39.3051,-76.6144,United States,US,USA,Maryland,,2106068,1840001592
Haiphong,Haiphong,20.8000,106.6667,Vietnam,VN,VNM,Hải Phòng,admin,2103500,1704000623
Las Vegas,Las Vegas,36.2333,-115.2654,United States,US,USA,Nevada,,2104198,1840020364
Laibin,Laibin,23.7333,109.2333,China,CN,CHN,Guangxi,,2099711,1156925734
Rawalpindi,Rawalpindi,33.6007,73.0679,Pakistan,PK,PAK,Punjab,minor,2098231,1586344001
Kumasi,Kumasi,6.6833,-1.6167,Ghana,GH,GHA,Ashanti,admin,2069350,1288181103
Portland,Portland,45.5372,-122.6500,United States,US,USA,Oregon,,2074775,1840019941
Vadodara,Vadodara,22.3000,73.2000,India,IN,IND,Gujarāt,,2065771,1356705249
Perth,Perth,-31.9522,115.8589,Australia,AU,AUS,Western Australia,admin,2059484,1036178956
Puning,Puning,23.2993,116.1586,China,CN,CHN,Guangdong,,2055552,1156756494
San Antonio,San Antonio,29.4658,-98.5253,United States,US,USA,Texas,,2049293,1840022220
Haikou,Haikou,20.0200,110.3200,China,CN,CHN,Hainan,admin,2046189,1156183327
Vishākhapatnam,Vishakhapatnam,17.7333,83.3167,India,IN,IND,Andhra Pradesh,,2035922,1356692563
Gaziantep,Gaziantep,37.0667,37.3833,Turkey,TR,TUR,Gaziantep,admin,2028563,1792911843
Minsk,Minsk,53.9022,27.5618,Belarus,BY,BLR,Minsk,primary,2020600,1112348503
St. Louis,St. Louis,38.6358,-90.2451,United States,US,USA,Missouri,,2024074,1840001651
Bamako,Bamako,12.6458,-7.9922,Mali,ML,MLI,Bamako,primary,2009109,1466965925
Quito,Quito,-0.2186,-78.5097,Ecuador,EC,ECU,Pichincha,primary,2011388,1218441993
Pingxiang,Pingxiang,27.6333,113.8500,China,CN,CHN,Jiangxi,minor,2001027,1156066465
Chongzuo,Chongzuo,22.4167,107.3667,China,CN,CHN,Guangxi,minor,1994285,1156438670
Şanlıurfa,Sanliurfa,37.1583,38.7917,Turkey,TR,TUR,Şanlıurfa,admin,1985753,1792937570
Kananga,Kananga,-5.8970,22.4488,Congo (Kinshasa),CD,COD,Kasaï Central,admin,1971704,1180172460
Peshawar,Peshawar,34.0000,71.5000,Pakistan,PK,PAK,Khyber Pakhtunkhwa,admin,1970042,1586851102
Sapporo,Sapporo,43.0621,141.3544,Japan,JP,JPN,Hokkaidō,admin,1958756,1392000195
Jixi,Jixi,45.2937,130.9650,China,CN,CHN,Heilongjiang,minor,1950000,1156393765
Caracas,Caracas,10.5000,-66.9333,Venezuela,VE,VEN,Distrito Capital,primary,1943901,1862748204
Fuxin,Fuxin,42.0127,121.6486,China,CN,CHN,Liaoning,,1930000,1156141954
Leeds,Leeds,53.7997,-1.5492,United Kingdom,GB,GBR,Leeds,,1901934,1826343963
Sacramento,Sacramento,38.5667,-121.4683,United States,US,USA,California,admin,1898019,1840021491
Blantyre,Blantyre,-15.7861,35.0058,Malawi,MW,MWI,Blantyre,admin,1895973,1454145012
Tainan,Tainan,22.9833,120.1833,Taiwan,TW,TWN,Tainan,admin,1883831,1158061376
Bucharest,Bucharest,44.4000,26.0833,Romania,RO,ROU,Bucureşti,primary,1883425,1642414442
Wuwei,Wuwei,37.9278,102.6329,China,CN,CHN,Gansu,minor,1890000,1156760291
Bhopāl,Bhopal,23.2500,77.4167,India,IN,IND,Madhya Pradesh,admin,1883381,1356734039
Curitiba,Curitiba,-25.4297,-49.2719,Brazil,BR,BRA,Paraná,admin,1879355,1076701712
Xiping,Xiping,40.0800,113.3000,China,CN,CHN,Shanxi,minor,1873000,1156898522
Asunción,Asuncion,-25.3000,-57.6333,Paraguay,PY,PRY,Asunción,primary,1870000,1600057911
Saidu Sharif,Saidu Sharif,34.7500,72.3572,Pakistan,PK,PAK,Khyber Pakhtunkhwa,minor,1860310,1586619596
Vienna,Vienna,48.2083,16.3731,Austria,AT,AUT,Wien,primary,1840573,1040261752
Aleppo,Aleppo,36.2000,37.1500,Syria,SY,SYR,Ḩalab,admin,1834093,1760366651
Hamburg,Hamburg,53.5500,10.0000,Germany,DE,DEU,Hamburg,admin,1841179,1276041799
Meru,Meru,0.0500,37.6500,Kenya,KE,KEN,Meru,admin,1833000,1404588252
Brazzaville,Brazzaville,-4.2667,15.2833,Congo (Brazzaville),CG,COG,Brazzaville,primary,1827000,1178340306
Orlando,Orlando,28.4772,-81.3369,United States,US,USA,Florida,,1822394,1840015099
Mersin,Mersin,36.8000,34.6167,Turkey,TR,TUR,Mersin,admin,1814468,1792520282
Almaty,Almaty,43.2500,76.9000,Kazakhstan,KZ,KAZ,Almaty,,1806833,1398351701
Barranquilla,Barranquilla,10.9600,-74.8000,Colombia,CO,COL,Atlántico,admin,1798000,1170179113
Kyōto,Kyoto,35.0111,135.7669,Japan,JP,JPN,Kyōto,admin,1805000,1392622735
Manaus,Manaus,-3.1000,-60.0167,Brazil,BR,BRA,Amazonas,admin,1802014,1076607274
Liaoyang,Liaoyang,41.2643,123.1772,China,CN,CHN,Liaoning,,1800000,1156202749
Baiyin,Baiyin,36.5448,104.1766,China,CN,CHN,Gansu,minor,1799000,1156140738
San Jose,San Jose,37.3019,-121.8486,United States,US,USA,California,,1798103,1840021570
Warsaw,Warsaw,52.2167,21.0333,Poland,PL,POL,Mazowieckie,primary,1790658,1616024847
Shengli,Shengli,37.4500,118.4667,China,CN,CHN,Shandong,minor,1790000,1156672254
Lubumbashi,Lubumbashi,-11.6697,27.4581,Congo (Kinshasa),CD,COD,Haut-Katanga,admin,1786397,1180506234
Damascus,Damascus,33.5131,36.2919,Syria,SY,SYR,Dimashq,primary,1754000,1760685964
Shuyangzha,Shuyangzha,34.1299,118.7734,China,CN,CHN,Jiangsu,,1770000,1156051957
Shangqiu,Shangqiu,34.4504,115.6500,China,CN,CHN,Henan,,1753000,1156805441
Eşfahān,Esfahan,32.6447,51.6675,Iran,IR,IRN,Eşfahān,admin,1756126,1364023865
Budapest,Budapest,47.4983,19.0408,Hungary,HU,HUN,Budapest,primary,1752286,1348611435
Heihe,Heihe,50.2458,127.4886,China,CN,CHN,Heilongjiang,minor,1750000,1156339225
Lusaka,Lusaka,-15.4167,28.2833,Zambia,ZM,ZMB,Lusaka,primary,1742979,1894157390
Diyarbakır,Diyarbakir,37.9108,40.2367,Turkey,TR,TUR,Diyarbakır,admin,1732396,1792536241
Chinchvad,Chinchvad,18.6278,73.8131,India,IN,IND,Mahārāshtra,,1729320,1356475483
Shuozhou,Shuozhou,39.3408,112.4292,China,CN,CHN,Shanxi,minor,1714857,1156227167
Vitória,Vitoria,-20.3240,-40.3660,Brazil,BR,BRA,Espírito Santo,admin,1704000,1076376829
Cleveland,Cleveland,41.4767,-81.6804,United States,US,USA,Ohio,,1710093,1840000596
Pittsburgh,Pittsburgh,40.4396,-79.9762,United States,US,USA,Pennsylvania,,1703266,1840001254
Mecca,Mecca,21.4225,39.8261,Saudi Arabia,SA,SAU,Makkah al Mukarramah,admin,1700000,1682169241
Patna,Patna,25.6100,85.1414,India,IN,IND,Bihār,admin,1684222,1356821429
Mosul,Mosul,36.3667,43.1167,Iraq,IQ,IRQ,Nīnawá,admin,1694000,1368194914
Austin,Austin,30.3004,-97.7522,United States,US,USA,Texas,admin,1687311,1840019590
Sanzhou,Sanzhou,30.8200,108.4000,China,CN,CHN,Chongqing,,1680000,1156025536
Conakry,Conakry,9.5092,-13.7122,Guinea,GN,GIN,Conakry,primary,1667864,1324568159
Kampala,Kampala,0.3136,32.5811,Uganda,UG,UGA,Kampala,primary,1659600,1800406299
Ecatepec,Ecatepec,19.6097,-99.0600,Mexico,MX,MEX,México,minor,1656107,1484003694
Cincinnati,Cincinnati,39.1413,-84.5061,United States,US,USA,Ohio,,1662691,1840003814
Makassar,Makassar,-5.1331,119.4136,Indonesia,ID,IDN,Sulawesi Selatan,admin,1651146,1360051337
Yushan,Yushan,31.3867,120.9766,China,CN,CHN,Jiangsu,minor,1651200,1156245000
Ludhiāna,Ludhiana,30.9083,75.8486,India,IN,IND,Punjab,,1649000,1356929498
Newcastle,Newcastle,55.0077,-1.6578,United Kingdom,GB,GBR,Newcastle upon Tyne,,1650000,1826292220
Depok,Depok,-6.3940,106.8225,Indonesia,ID,IDN,Jawa Barat,,1631951,1360962899
Zhongli,Zhongli,24.9650,121.2168,Taiwan,TW,TWN,Taoyuan,,1632616,1158025380
Kansas City,Kansas City,39.1239,-94.5541,United States,US,USA,Missouri,,1636715,1840008535
Rabat,Rabat,34.0253,-6.8361,Morocco,MA,MAR,Rabat-Salé-Kénitra,primary,1628000,1504023252
Ouagadougou,Ouagadougou,12.3572,-1.5353,Burkina Faso,BF,BFA,Centre,primary,1626950,1854029208
Davao,Davao,7.0667,125.6000,Philippines,PH,PHL,Davao,admin,1632991,1608906877
Manhattan,Manhattan,40.7834,-73.9662,United States,US,USA,New York,,1628706,1840034000
Semarang,Semarang,-6.9667,110.4167,Indonesia,ID,IDN,Jawa Tengah,admin,1621384,1360745537
Yinchuan,Yinchuan,38.4795,106.2254,China,CN,CHN,Ningxia,admin,1616000,1156359072
Multan,Multan,30.1978,71.4711,Pakistan,PK,PAK,Punjab,minor,1606481,1586256291
Caloocan City,Caloocan City,14.6500,120.9667,Philippines,PH,PHL,Caloocan,admin,1583978,1608897690
Harare,Harare,-17.8292,31.0522,Zimbabwe,ZW,ZWE,Harare,primary,1606000,1716196799
Novosibirsk,Novosibirsk,55.0333,82.9167,Russia,RU,RUS,Novosibirskaya Oblast’,admin,1602915,1643399240
Chengtangcun,Chengtangcun,35.0833,117.1500,China,CN,CHN,Shandong,,1603659,1156883901
Āgra,Agra,27.1800,78.0200,India,IN,IND,Uttar Pradesh,,1585705,1356187395
Karaj,Karaj,35.8327,50.9915,Iran,IR,IRN,Alborz,admin,1592492,1364258511
Indianapolis,Indianapolis,39.7771,-86.1458,United States,US,USA,Indiana,admin,1588961,1840030084
Jingdezhen,Jingdezhen,29.2942,117.2036,China,CN,CHN,Jiangxi,minor,1587477,1156038165
Puebla,Puebla,19.0333,-98.1833,Mexico,MX,MEX,Puebla,admin,1576259,1484416394
Kalyān,Kalyan,19.2502,73.1602,India,IN,IND,Mahārāshtra,,1576614,1356172246
Madurai,Madurai,9.9197,78.1194,India,IN,IND,Tamil Nādu,minor,1561129,1356257289
Gujranwala,Gujranwala,32.1500,74.1833,Pakistan,PK,PAK,Punjab,minor,1569090,1586400472
Benxi,Benxi,41.2920,123.7610,China,CN,CHN,Liaoning,,1567000,1156097909
Jamshedpur,Jamshedpur,22.8000,86.1833,India,IN,IND,Jharkhand,,1558000,1356501259
Zhuhai,Zhuhai,22.2769,113.5678,China,CN,CHN,Guangdong,minor,1562000,1156722242
Recife,Recife,-8.0539,-34.8808,Brazil,BR,BRA,Pernambuco,admin,1555039,1076137337
Columbus,Columbus,39.9862,-82.9850,United States,US,USA,Ohio,admin,1562009,1840003760
Tabrīz,Tabriz,38.0833,46.2833,Iran,IR,IRN,Āz̄arbāyjān-e Sharqī,admin,1558693,1364141756
Santiago,Santiago,19.5000,-70.6700,Dominican Republic,DO,DOM,Cibao Norte,admin,1550753,1214985348
Maracaibo,Maracaibo,10.6333,-71.6333,Venezuela,VE,VEN,Zulia,admin,1551539,1862072711
Beihai,Beihai,21.4667,109.1000,China,CN,CHN,Guangxi,,1539251,1156421449
Shuangyashan,Shuangyashan,46.6388,131.1545,China,CN,CHN,Heilongjiang,,1530000,1156245904
Kōbe,Kobe,34.6913,135.1830,Japan,JP,JPN,Hyōgo,admin,1522944,1392978082
Charlotte,Charlotte,35.2080,-80.8304,United States,US,USA,North Carolina,,1512923,1840014557
Yucheng,Yucheng,29.9888,103.0007,China,CN,CHN,Sichuan,minor,1512000,1156817119
Changshu,Changshu,31.6500,120.7333,China,CN,CHN,Jiangsu,,1510100,1156901538
Ximeicun,Ximeicun,24.9633,118.3811,China,CN,CHN,Fujian,,1508000,1156173813
Jianguang,Jianguang,28.1958,115.7833,China,CN,CHN,Jiangxi,,1507402,1156545200
Gwangju,Gwangju,35.1667,126.9167,"Korea, South",KR,KOR,Gwangju,admin,1501557,1410000087
Xushan,Xushan,30.1697,121.2665,China,CN,CHN,Zhejiang,minor,1502000,1156046916
Guiping,Guiping,23.4000,110.0833,China,CN,CHN,Guangxi,minor,1496904,1156165517
Nāsik,Nasik,20.0000,73.7833,India,IN,IND,Mahārāshtra,,1486053,1356562598
Porto Alegre,Porto Alegre,-30.0328,-51.2300,Brazil,BR,BRA,Rio Grande do Sul,admin,1484941,1076658221
Zhangjiajie,Zhangjiajie,29.1255,110.4844,China,CN,CHN,Hunan,minor,1486000,1156072884
Valencia,Valencia,10.1667,-68.0000,Venezuela,VE,VEN,Carabobo,admin,1484430,1862309871
Virginia Beach,Virginia Beach,36.7335,-76.0435,United States,US,USA,Virginia,,1478868,1840003871
Daejeon,Daejeon,36.3510,127.3850,"Korea, South",KR,KOR,Daejeon,admin,1475221,1410993875
Munich,Munich,48.1372,11.5755,Germany,DE,DEU,Bavaria,admin,1471508,1276692352
Yekaterinburg,Yekaterinburg,56.8356,60.6128,Russia,RU,RUS,Sverdlovskaya Oblast’,admin,1468833,1643582706
Auckland,Auckland,-36.8500,174.7833,New Zealand,NZ,NZL,Auckland,admin,1467800,1554435911
Yunfu,Yunfu,22.9242,112.0353,China,CN,CHN,Guangdong,minor,1470000,1156057251
Huangshan,Huangshan,29.7132,118.3151,China,CN,CHN,Anhui,minor,1470000,1156527426
Huazhou,Huazhou,32.6832,112.0790,China,CN,CHN,Henan,minor,1468061,1156796734
Shīrāz,Shiraz,29.6100,52.5425,Iran,IR,IRN,Fārs,admin,1460665,1364432238
León de los Aldama,Leon de los Aldama,21.1167,-101.6833,Mexico,MX,MEX,Guanajuato,minor,1454793,1484811199
Pizhou,Pizhou,34.3422,118.0097,China,CN,CHN,Jiangsu,,1458038,1156114238
Palembang,Palembang,-2.9833,104.7644,Indonesia,ID,IDN,Sumatera Selatan,admin,1452456,1360902897
Kharkiv,Kharkiv,50.0000,36.2292,Ukraine,UA,UKR,Kharkivs’ka Oblast’,admin,1446107,1804588111
Kawanakajima,Kawanakajima,35.5300,139.7050,Japan,JP,JPN,Kanagawa,,1437266,1392879600
Lianjiang,Lianjiang,21.6146,110.2794,China,CN,CHN,Guangdong,,1443099,1156944106
Chizhou,Chizhou,30.6583,117.4849,China,CN,CHN,Anhui,minor,1430000,1156131504
Leizhou,Leizhou,20.9147,110.0806,China,CN,CHN,Guangdong,,1427664,1156863840
Guyuan,Guyuan,36.0080,106.2782,China,CN,CHN,Ningxia,,1426000,1156817541
Rui’an,Rui'an,27.7780,120.6526,China,CN,CHN,Zhejiang,,1424667,1156993705
Birstall,Birstall,52.6736,-1.1200,United Kingdom,GB,GBR,Leicester,,1424216,1826141026
Muscat,Muscat,23.6139,58.5922,Oman,OM,OMN,Masqaţ,primary,1421409,1512035506
Hebi,Hebi,35.7497,114.2887,China,CN,CHN,Henan,,1419000,1156114258
Jingling,Jingling,30.6667,113.1667,China,CN,CHN,Hubei,,1418913,1156060544
Bronx,Bronx,40.8501,-73.8662,United States,US,USA,New York,,1418207,1840033999
The Hague,The Hague,52.0800,4.2700,Netherlands,NL,NLD,Zuid-Holland,primary,1406000,1528799905
Owerri,Owerri,5.4833,7.0333,Nigeria,NG,NGA,Imo,admin,1401873,1566679132
Sharjah,Sharjah,25.3575,55.3919,United Arab Emirates,AE,ARE,Ash Shāriqah,admin,1400000,1784152993
Farīdābād,Faridabad,28.4333,77.3167,India,IN,IND,Haryāna,,1394000,1356013205
Ulaanbaatar,Ulaanbaatar,47.9203,106.9172,Mongolia,MN,MNG,Ulaanbaatar,primary,1396288,1496024767
Goiânia,Goiania,-16.6789,-49.2539,Brazil,BR,BRA,Goiás,admin,1393575,1076034054
Belém,Belem,-1.4558,-48.5039,Brazil,BR,BRA,Pará,admin,1393399,1076646823
Kayseri,Kayseri,38.7333,35.4833,Turkey,TR,TUR,Kayseri,admin,1389680,1792945815
Yueqing,Yueqing,28.1188,120.9621,China,CN,CHN,Zhejiang,,1389332,1156900058
Belgrade,Belgrade,44.8167,20.4667,Serbia,RS,SRB,Beograd,primary,1378682,1688374696
Pingdu,Pingdu,36.7833,119.9556,China,CN,CHN,Shandong,,1378900,1156157078
Aurangābād,Aurangabad,19.8800,75.3200,India,IN,IND,Mahārāshtra,,1371330,1356840670
Yutan,Yutan,28.3147,112.5540,China,CN,CHN,Hunan,minor,1368117,1156592042
Wenling,Wenling,28.3797,121.3718,China,CN,CHN,Zhejiang,,1366794,1156052493
Islamabad,Islamabad,33.6989,73.0369,Pakistan,PK,PAK,Islāmābād,primary,1365000,1586306717
Milwaukee,Milwaukee,43.0642,-87.9673,United States,US,USA,Wisconsin,,1365787,1840003046
Milan,Milan,45.4669,9.1900,Italy,IT,ITA,Lombardy,admin,1351562,1380724377
Sofia,Sofia,42.6975,23.3241,Bulgaria,BG,BGR,Sofia-Grad,primary,1355142,1100762037
Adelaide,Adelaide,-34.9289,138.6011,Australia,AU,AUS,South Australia,admin,1345777,1036538171
Samsun,Samsun,41.2867,36.3300,Turkey,TR,TUR,Samsun,admin,1335716,1792169057
Rājkot,Rajkot,22.2969,70.7984,India,IN,IND,Gujarāt,,1335397,1356317190
Khulna,Khulna,22.8167,89.5500,Bangladesh,BD,BGD,Khulna,admin,1311100,1050667339
Córdoba,Cordoba,-31.4167,-64.1833,Argentina,AR,ARG,Córdoba,admin,1329604,1032803249
Guarulhos,Guarulhos,-23.4667,-46.5333,Brazil,BR,BRA,São Paulo,,1324781,1076730420
Juárez,Juarez,31.7386,-106.4870,Mexico,MX,MEX,Chihuahua,minor,1321004,1484840083
Prague,Prague,50.0833,14.4167,Czechia,CZ,CZE,"Praha, Hlavní Město",primary,1324277,1203744823
Montevideo,Montevideo,-34.8667,-56.1667,Uruguay,UY,URY,Montevideo,primary,1319108,1858107000
Mbuji-Mayi,Mbuji-Mayi,-6.1209,23.5967,Congo (Kinshasa),CD,COD,Kasaï Oriental,admin,1295000,1180399586
Fuqing,Fuqing,25.7232,119.3735,China,CN,CHN,Fujian,minor,1316000,1156893569
Xintai,Xintai,35.9100,117.7800,China,CN,CHN,Shandong,,1315942,1156761230
Doha,Doha,25.3000,51.5333,Qatar,QA,QAT,Ad Dawḩah,primary,1312947,1634459660
Saitama,Saitama,35.8617,139.6453,Japan,JP,JPN,Saitama,admin,1307931,1392017719
Hiroshima,Hiroshima,34.3853,132.4553,Japan,JP,JPN,Hiroshima,admin,1306589,1392373695
Meerut,Meerut,28.9900,77.7000,India,IN,IND,Uttar Pradesh,,1305429,1356390476
Yushu,Yushu,44.8249,126.5451,China,CN,CHN,Jilin,,1304436,1156326773
Rongcheng,Rongcheng,26.2312,104.0966,China,CN,CHN,Yunnan,,1302891,1156122888
Yangquan,Yangquan,37.8576,113.5762,China,CN,CHN,Shanxi,minor,1300000,1156157844
Haicheng,Haicheng,40.8523,122.7474,China,CN,CHN,Liaoning,minor,1293877,1156052713
Gaozhou,Gaozhou,21.9392,110.8461,China,CN,CHN,Guangdong,,1288665,1156785303
Yingtan,Yingtan,28.2333,117.0000,China,CN,CHN,Jiangxi,,1288615,1156301061
Huaiyin,Huaiyin,33.5800,119.0300,China,CN,CHN,Jiangsu,,1264000,1156662372
Wuzhong,Wuzhong,37.9874,106.1919,China,CN,CHN,Ningxia,minor,1284000,1156139322
Jabalpur,Jabalpur,23.1667,79.9333,India,IN,IND,Madhya Pradesh,,1267564,1356115460
Thāne,Thane,19.1800,72.9633,India,IN,IND,Mahārāshtra,,1261517,1356681152
Zhangye,Zhangye,38.9355,100.4553,China,CN,CHN,Gansu,minor,1270000,1156180353
Rucheng,Rucheng,32.3852,120.5634,China,CN,CHN,Jiangsu,minor,1267066,1156323529
Nizhniy Novgorod,Nizhniy Novgorod,56.3269,44.0075,Russia,RU,RUS,Nizhegorodskaya Oblast’,admin,1264075,1643012126
Comayagüela,Comayaguela,14.0833,-87.2167,Honduras,HN,HND,Francisco Morazán,,1250000,1340762485
Yangshe,Yangshe,31.8775,120.5512,China,CN,CHN,Jiangsu,minor,1253100,1156203000
Shaoyang,Shaoyang,32.9387,119.8404,China,CN,CHN,Jiangsu,minor,1253548,1156668366
Dhanbād,Dhanbad,23.7928,86.4350,India,IN,IND,Jharkhand,,1246000,1356103392
Yichun,Yichun,47.7235,128.8893,China,CN,CHN,Heilongjiang,minor,1250000,1156757274
Laiwu,Laiwu,36.1833,117.6667,China,CN,CHN,Shandong,,1248636,1156207332
Kazan,Kazan,55.7908,49.1144,Russia,RU,RUS,Tatarstan,admin,1243500,1643101260
Dayan,Dayan,26.8808,100.2208,China,CN,CHN,Yunnan,,1244769,1156828380
Suwon,Suwon,37.2858,127.0100,"Korea, South",KR,KOR,Gyeonggi,admin,1234300,1410679777
Jiangyin,Jiangyin,31.9087,120.2653,China,CN,CHN,Jiangsu,,1241045,1156033234
Yongcheng,Yongcheng,33.9317,116.4459,China,CN,CHN,Henan,,1240382,1156841802
Calgary,Calgary,51.0500,-114.0667,Canada,CA,CAN,Alberta,,1239220,1124690423
Cần Thơ,Can Tho,10.0333,105.7833,Vietnam,VN,VNM,Cần Thơ,admin,1237300,1704783472
Abuja,Abuja,9.0556,7.4914,Nigeria,NG,NGA,Federal Capital Territory,primary,1235880,1566342270
Yiwu,Yiwu,29.3081,120.0698,China,CN,CHN,Zhejiang,minor,1234015,1156078044
Mandalay,Mandalay,21.9769,96.0869,Burma,MM,MMR,Mandalay,admin,1225546,1104468217
Beidao,Beidao,34.6000,105.9200,China,CN,CHN,Gansu,minor,1225000,1156137209
Al Başrah,Al Basrah,30.4889,47.8100,Iraq,IQ,IRQ,Al Başrah,admin,1225793,1368714645
Shuangshui,Shuangshui,26.5944,104.8333,China,CN,CHN,Guizhou,,1221000,1156070389
Sevilla,Sevilla,37.3828,-5.9731,Spain,ES,ESP,Andalusia,admin,1212045,1724991838
Vila Velha,Vila Velha,3.2167,-51.2167,Brazil,BR,BRA,Amapá,,1209091,1076575691
Allahābād,Allahabad,25.4550,81.8400,India,IN,IND,Uttar Pradesh,,1201000,1356718332
Vārānasi,Varanasi,25.3189,83.0128,India,IN,IND,Uttar Pradesh,,1198491,1356145782
Tunis,Tunis,36.8008,10.1800,Tunisia,TN,TUN,Tunis,primary,1200000,1788742103
Chelyabinsk,Chelyabinsk,55.1500,61.4000,Russia,RU,RUS,Chelyabinskaya Oblast’,admin,1202371,1643224011
Mombasa,Mombasa,-4.0500,39.6667,Kenya,KE,KEN,Mombasa,admin,1200000,1404512373
Providence,Providence,41.8230,-71.4187,United States,US,USA,Rhode Island,admin,1203230,1840003289
Qom,Qom,34.6461,50.8789,Iran,IR,IRN,Qom,admin,1201158,1364701633
Maiduguri,Maiduguri,11.8333,13.1500,Nigeria,NG,NGA,Borno,admin,1197497,1566540296
Maputo,Maputo,-25.9153,32.5764,Mozambique,MZ,MOZ,Maputo,primary,1191613,1508074843
Rosario,Rosario,-32.9575,-60.6394,Argentina,AR,ARG,Santa Fe,minor,1193605,1032770677
Benin City,Benin City,6.3176,5.6145,Nigeria,NG,NGA,Edo,admin,1190000,1566080151
Xinyu,Xinyu,27.7950,114.9242,China,CN,CHN,Jiangxi,minor,1186700,1156138735
Ahvāz,Ahvaz,31.3203,48.6692,Iran,IR,IRN,Khūzestān,admin,1184788,1364350188
Dublin,Dublin,53.3425,-6.2658,Ireland,IE,IRL,Dublin,primary,1173179,1372595407
Jacksonville,Jacksonville,30.3322,-81.6749,United States,US,USA,Florida,,1181496,1840015031
Medina,Medina,24.4667,39.6000,Saudi Arabia,SA,SAU,Al Madīnah al Munawwarah,admin,1180770,1682345785
Srīnagar,Srinagar,34.0911,74.8061,India,IN,IND,Jammu and Kashmīr,admin,1180570,1356442950
Omsk,Omsk,54.9667,73.3833,Russia,RU,RUS,Omskaya Oblast’,admin,1178391,1643360863
Huazhou,Huazhou,21.6540,110.6294,China,CN,CHN,Guangdong,,1178809,1156282637
Cilacap,Cilacap,-7.7167,109.0170,Indonesia,ID,IDN,Jawa Tengah,minor,1174964,1360503809
Xiantao,Xiantao,30.3833,113.4000,China,CN,CHN,Hubei,,1175085,1156216927
Bandar Lampung,Bandar Lampung,-5.4294,105.2625,Indonesia,ID,IDN,Lampung,admin,1166761,1360243491
Samara,Samara,53.1833,50.1167,Russia,RU,RUS,Samarskaya Oblast’,admin,1169719,1643205757
Guankou,Guankou,28.1417,113.6250,China,CN,CHN,Hunan,minor,1168056,1156249346
Ulsan,Ulsan,35.5500,129.3167,"Korea, South",KR,KOR,Ulsan,admin,1166033,1410134602
Dingzhou,Dingzhou,38.5158,114.9845,China,CN,CHN,Hebei,,1165182,1156656582
Campinas,Campinas,-22.9009,-47.0573,Brazil,BR,BRA,São Paulo,,1164098,1076145766
Lianyuan,Lianyuan,27.6961,111.6659,China,CN,CHN,Hunan,minor,1162928,1156490109
Rongcheng,Rongcheng,29.8239,112.9019,China,CN,CHN,Hubei,minor,1162770,1156102432
Kaiyuan,Kaiyuan,36.0656,113.8153,China,CN,CHN,Henan,minor,1160000,1156441554
Nay Pyi Taw,Nay Pyi Taw,19.8028,96.1583,Burma,MM,MMR,Nay Pyi Taw,primary,1160242,1104838105
Dakar,Dakar,14.7319,-17.4572,Senegal,SN,SEN,Dakar,primary,1146053,1686604760
Zhuji,Zhuji,29.7169,120.2314,China,CN,CHN,Zhejiang,minor,1157938,1156504227
Zapopan,Zapopan,20.7167,-103.4000,Mexico,MX,MEX,Jalisco,minor,1155790,1484198680
Leiyang,Leiyang,26.4179,112.8457,China,CN,CHN,Hunan,minor,1151554,1156057789
Dadukou,Dadukou,26.5849,101.7149,China,CN,CHN,Sichuan,minor,1144000,1156901342
Quetta,Quetta,30.1920,67.0070,Pakistan,PK,PAK,Balochistān,admin,1140000,1586556108
Amritsar,Amritsar,31.6167,74.8500,India,IN,IND,Punjab,,1132383,1356926507
Callao,Callao,-12.0611,-77.1333,Peru,PE,PER,Callao,admin,1129854,1604422141
Alīgarh,Aligarh,27.8800,78.0800,India,IN,IND,Uttar Pradesh,,1131160,1356076391
Yingchuan,Yingchuan,34.1511,113.4733,China,CN,CHN,Henan,minor,1131896,1156748426
Tegucigalpa,Tegucigalpa,14.0942,-87.2067,Honduras,HN,HND,Francisco Morazán,primary,1126534,1340344059
Ciudad Nezahualcóyotl,Ciudad Nezahualcoyotl,19.4100,-99.0300,Mexico,MX,MEX,México,,1109363,1484016661
Tripoli,Tripoli,32.8752,13.1875,Libya,LY,LBY,Ţarābulus,primary,1126000,1434201852
Rostov,Rostov,47.2333,39.7167,Russia,RU,RUS,Rostovskaya Oblast’,admin,1125299,1643013518
Nezahualcóyotl,Nezahualcoyotl,19.4000,-98.9889,Mexico,MX,MEX,México,minor,1110565,1484074285
Bhiwandi,Bhiwandi,19.3000,73.0667,India,IN,IND,Mahārāshtra,,1125898,1356763571
Zhoushan,Zhoushan,30.0162,122.0988,China,CN,CHN,Zhejiang,minor,1121261,1156200283
Tbilisi,Tbilisi,41.7225,44.7925,Georgia,GE,GEO,Tbilisi,primary,1118035,1268203191
Ufa,Ufa,54.7333,55.9667,Russia,RU,RUS,Bashkortostan,admin,1115560,1643722928
Fès,Fes,34.0433,-5.0033,Morocco,MA,MAR,Fès-Meknès,admin,1112072,1504861997
Biên Hòa,Bien Hoa,10.9575,106.8426,Vietnam,VN,VNM,Đồng Nai,admin,1104000,1704863046
Mexicali,Mexicali,32.6633,-115.4678,Mexico,MX,MEX,Baja California,admin,1102342,1484788702
Gwalior,Gwalior,26.2150,78.1931,India,IN,IND,Madhya Pradesh,,1101981,1356363967
Ankang,Ankang,32.6877,109.0235,China,CN,CHN,Shaanxi,,1100000,1156255711
Ikare,Ikare,7.5304,5.7600,Nigeria,NG,NGA,Ondo,minor,1099931,1566683694
Hegang,Hegang,47.3139,130.2775,China,CN,CHN,Heilongjiang,minor,1100000,1156541759
Salt Lake City,Salt Lake City,40.7777,-111.9306,United States,US,USA,Utah,admin,1098526,1840021383
Bhilai,Bhilai,21.2167,81.4333,India,IN,IND,Chhattīsgarh,,1097000,1356071083
Yuyao,Yuyao,30.0372,121.1546,China,CN,CHN,Zhejiang,,1095000,1156221984
N’Djamena,N'Djamena,12.1100,15.0500,Chad,TD,TCD,Ville de N’Djaména,primary,1092066,1148708596
Hanchuan,Hanchuan,30.6520,113.8274,China,CN,CHN,Hubei,,1092700,1156149248
Gongzhuling,Gongzhuling,43.5036,124.8088,China,CN,CHN,Jilin,,1092692,1156696810
Copenhagen,Copenhagen,55.6786,12.5635,Denmark,DK,DNK,Hovedstaden,primary,1085000,1208763942
Irbid,Irbid,32.5556,35.8500,Jordan,JO,JOR,Irbid,admin,1088100,1400221568
Hāora,Haora,22.5900,88.3100,India,IN,IND,West Bengal,,1077075,1356986516
Cologne,Cologne,50.9422,6.9578,Germany,DE,DEU,North Rhine-Westphalia,,1085664,1276015998
Krasnoyarsk,Krasnoyarsk,56.0167,92.8667,Russia,RU,RUS,Krasnoyarskiy Kray,admin,1083865,1643544975
Yicheng,Yicheng,31.3697,119.8239,China,CN,CHN,Jiangsu,minor,1082929,1156292419
Mizhou,Mizhou,36.0000,119.4167,China,CN,CHN,Shandong,minor,1081960,1156935002
Nashville,Nashville,36.1715,-86.7843,United States,US,USA,Tennessee,admin,1081903,1840036155
Yerevan,Yerevan,40.1814,44.5144,Armenia,AM,ARM,Yerevan,primary,1075800,1051074169
Rānchi,Ranchi,23.3556,85.3347,India,IN,IND,Jharkhand,admin,1073440,1356110588
Nur-Sultan,Nur-Sultan,51.1333,71.4333,Kazakhstan,KZ,KAZ,Astana,primary,1078362,1398516045
Nouakchott,Nouakchott,18.0783,-15.9744,Mauritania,MR,MRT,,primary,1077169,1478414984
Vereeniging,Vereeniging,-26.6736,27.9319,South Africa,ZA,ZAF,Gauteng,,1074000,1710271883
Richmond,Richmond,37.5295,-77.4756,United States,US,USA,Virginia,admin,1075798,1840001698
São Luís,Sao Luis,-2.5300,-44.3028,Brazil,BR,BRA,Maranhão,admin,1073893,1076819308
San Pedro Sula,San Pedro Sula,15.5000,-88.0333,Honduras,HN,HND,Cortés,admin,1073824,1340568412
Taixing,Taixing,32.1724,120.0142,China,CN,CHN,Jiangsu,minor,1073921,1156331200
Memphis,Memphis,35.1046,-89.9773,United States,US,USA,Tennessee,,1066967,1840015457
Goyang,Goyang,37.6564,126.8350,"Korea, South",KR,KOR,Gyeonggi,minor,1061929,1410511255
Bezwāda,Bezwada,16.5167,80.6167,India,IN,IND,Andhra Pradesh,,1048240,1356807575
Edmonton,Edmonton,53.5344,-113.4903,Canada,CA,CAN,Alberta,,1062643,1124290735
Xishan,Xishan,27.6609,113.4946,China,CN,CHN,Hunan,minor,1060000,1156155575
Barquisimeto,Barquisimeto,10.0678,-69.3467,Venezuela,VE,VEN,Lara,admin,1059092,1862860739
Sendai,Sendai,38.2683,140.8694,Japan,JP,JPN,Miyagi,admin,1058070,1392457903
Voronezh,Voronezh,51.6717,39.2106,Russia,RU,RUS,Voronezhskaya Oblast’,admin,1047549,1643811064
Perm,Perm,58.0139,56.2489,Russia,RU,RUS,Permskiy Kray,admin,1048005,1643294442
Changwon,Changwon,35.2281,128.6811,"Korea, South",KR,KOR,Gyeongnam,admin,1046054,1410592618
Zhongwei,Zhongwei,37.5139,105.1884,China,CN,CHN,Ningxia,minor,1046000,1156956616
Shouguang,Shouguang,36.8833,118.7333,China,CN,CHN,Shandong,,1039205,1156787809
Bogor,Bogor,-6.6000,106.8000,Indonesia,ID,IDN,Jawa Barat,,1030720,1360771925
Raleigh,Raleigh,35.8325,-78.6435,United States,US,USA,North Carolina,admin,1038738,1840014497
Cartagena,Cartagena,10.4236,-75.5253,Colombia,CO,COL,Bolívar,admin,1036412,1170886102
Chandīgarh,Chandigarh,30.7353,76.7911,India,IN,IND,Chandīgarh,admin,1026459,1356739179
Bishkek,Bishkek,42.8667,74.5667,Kyrgyzstan,KG,KGZ,Bishkek,primary,1027200,1417191971
Amsterdam,Amsterdam,52.3500,4.9166,Netherlands,NL,NLD,Noord-Holland,primary,1031000,1528355309
Matola,Matola,-25.9667,32.4667,Mozambique,MZ,MOZ,Maputo,,1032197,1508768577
Ogbomoso,Ogbomoso,8.1333,4.2500,Nigeria,NG,NGA,Oyo,minor,1032000,1566373448
Ashgabat,Ashgabat,37.9500,58.3833,Turkmenistan,TM,TKM,Ahal,primary,1031992,1795049992
E’zhou,E'zhou,30.3972,114.8842,China,CN,CHN,Hubei,minor,1031000,1156414637
Maceió,Maceio,-9.6658,-35.7350,Brazil,BR,BRA,Alagoas,admin,1029129,1076440479
Niamey,Niamey,13.5086,2.1111,Niger,NE,NER,Niamey,primary,1026848,1562932886
Managua,Managua,12.1500,-86.2667,Nicaragua,NI,NIC,Managua,primary,1028808,1558296252
Patam,Patam,1.0678,104.0167,Indonesia,ID,IDN,Kepulauan Riau,,1029808,1360893799
Tekirdağ,Tekirdag,40.9833,27.5167,Turkey,TR,TUR,Tekirdağ,admin,1029927,1792519395
Linhai,Linhai,28.8523,121.1409,China,CN,CHN,Zhejiang,,1028813,1156451663
Shubrā al Khaymah,Shubra al Khaymah,30.1286,31.2422,Egypt,EG,EGY,Al Qalyūbīyah,,1025569,1818909612
Monrovia,Monrovia,6.3106,-10.8047,Liberia,LR,LBR,Montserrado,primary,1021762,1430477826
Wafangdian,Wafangdian,39.6271,121.9972,China,CN,CHN,Liaoning,,1024876,1156476417
Zhongxiang,Zhongxiang,31.1690,112.5853,China,CN,CHN,Hubei,,1022514,1156631720
Shymkent,Shymkent,42.3000,69.6000,Kazakhstan,KZ,KAZ,Ongtüstik Qazaqstan,admin,1018974,1398791401
New Orleans,New Orleans,30.0687,-89.9288,United States,US,USA,Louisiana,,1020886,1840001839
Volgograd,Volgograd,48.7000,44.4833,Russia,RU,RUS,Volgogradskaya Oblast’,admin,1015586,1643577201
Mysore,Mysore,12.3086,76.6531,India,IN,IND,Karnātaka,,1014227,1356779323
Odesa,Odesa,46.4775,30.7326,Ukraine,UA,UKR,Odes’ka Oblast’,admin,1010783,1804178102
Raipur,Raipur,21.2379,81.6337,India,IN,IND,Chhattīsgarh,admin,1010087,1356374983
Nice,Nice,43.7034,7.2663,France,FR,FRA,Provence-Alpes-Côte d’Azur,minor,1006402,1250774553
Arequipa,Arequipa,-16.3988,-71.5369,Peru,PE,PER,Arequipa,admin,1008290,1604723954
Port Harcourt,Port Harcourt,4.7500,7.0000,Nigeria,NG,NGA,Rivers,admin,1005904,1566070649
Rotterdam,Rotterdam,51.9200,4.4800,Netherlands,NL,NLD,Zuid-Holland,minor,1005000,1528892850
Louisville,Louisville,38.1663,-85.6485,United States,US,USA,Kentucky,,1005654,1840030815
Zaoyang,Zaoyang,32.1287,112.7581,China,CN,CHN,Hubei,,1004741,1156197076
Shuizhai,Shuizhai,33.4433,114.8994,China,CN,CHN,Henan,,1003698,1156462734
Kota,Kota,25.1800,75.8300,India,IN,IND,Rājasthān,,1001694,1356820310